{
  "name": "openai_mcp",
  "version": "1.0.0",
  "base_url": "https://api.openai.com/v1",
  "auth": {
    "type": "bearer",
    "env": "OPENAI_API_KEY"
  },
  "capabilities": [
    {}
  ],
  "meta": {
    "title": "OpenAI",
    "description": "LLM requests (compatible API)",
    "category": "ai",
    "homepage": "https://platform.openai.com/docs",
    "repo": "https://github.com",
    "license": "MIT",
    "badges": [
      "community"
    ],
    "keywords": [],
    "capabilities": [
      "REST API",
      "SDK Support"
    ]
  }
}
