{
  "$schema": "http://json-schema.org/draft-07/schema#",
  "title": "MCP Server Manifest",
  "type": "object",
  "properties": {
    "name": {
      "type": "string"
    },
    "version": {
      "type": "string"
    },
    "base_url": {
      "type": "string"
    },
    "auth": {
      "type": "object"
    },
    "headers": {
      "type": "object",
      "additionalProperties": {
        "type": [
          "string",
          "number",
          "boolean"
        ]
      }
    },
    "capabilities": {
      "type": "array",
      "items": {
        "type": "object"
      }
    },
    "meta": {
      "type": "object",
      "properties": {
        "title": {
          "type": "string"
        },
        "description": {
          "type": "string"
        },
        "category": {
          "type": "string"
        },
        "homepage": {
          "type": "string"
        },
        "repo": {
          "type": "string"
        },
        "license": {
          "type": "string"
        },
        "badges": {
          "type": "array",
          "items": {
            "type": "string"
          }
        },
        "keywords": {
          "type": "array",
          "items": {
            "type": "string"
          }
        }
      },
      "required": [
        "title"
      ]
    }
  },
  "required": [
    "meta"
  ]
}
