{
  "$schema": "https://json-schema.org/draft/2020-12/schema",
  "$id": "https://mcp-accelerator.github.io/MCP-Model-Context-Protocol-catalog/schema/servers.index.schema.json",
  "title": "MCP Catalog Servers Index",
  "type": "object",
  "required": ["updated_at", "servers"],
  "properties": {
    "updated_at": { "type": "string", "format": "date-time" },
    "servers": {
      "type": "array",
      "items": { "$ref": "#/$defs/server" }
    }
  },
  "$defs": {
    "server": {
      "type": "object",
      "required": ["id", "name", "protocol_min", "transports", "primitives", "status"],
      "properties": {
        "id": { "type": "string", "pattern": "^[a-z0-9][a-z0-9-_]{1,63}$" },
        "name": { "type": "string", "minLength": 1 },
        "repo": { "type": "string", "format": "uri" },
        "homepage": { "type": "string", "format": "uri" },
        "manifests": {
          "type": "array",
          "items": {
            "type": "object",
            "properties": {
              "path": { "type": "string" },
              "uri": { "type": "string", "format": "uri" }
            },
            "additionalProperties": false
          }
        },
        "protocol_min": { "type": "string", "pattern": "^20\\d{2}-\\d{2}-\\d{2}$" },
        "transports": {
          "type": "array",
          "minItems": 1,
          "uniqueItems": true,
          "items": { "enum": ["stdio", "streamable_http"] }
        },
        "primitives": {
          "type": "array",
          "minItems": 1,
          "uniqueItems": true,
          "items": { "enum": ["tools", "resources", "prompts"] }
        },
        "status": { "enum": ["stable", "beta", "alpha", "deprecated", "draft"] },
        "meta": {
          "type": "object",
          "properties": {
            "category": { "enum": ["reference", "official", "community", "hosted"] },
            "endpoint": { "type": "string", "format": "uri" },
            "auth": { "enum": ["oauth", "token", "none", "n/a"] },
            "client_matrix": {
              "type": "object",
              "additionalProperties": {
                "type": "array",
                "uniqueItems": true,
                "items": { "enum": ["tools", "resources", "prompts"] }
              }
            },
            "security": {
              "type": "object",
              "properties": {
                "origin_check": { "type": "boolean" },
                "stdio_stdout_logs": { "enum": ["ok", "warn", "fail", "unknown"] },
                "notes": { "type": "string" }
              },
              "additionalProperties": true
            }
          },
          "additionalProperties": true
        }
      },
      "additionalProperties": false
    }
  },
  "additionalProperties": false
}
