{
  "name": "telegram_mcp",
  "version": "1.0.0",
  "base_url": "https://api.telegram.org",
  "capabilities": [
    {}
  ],
  "meta": {
    "title": "Telegram",
    "description": "Send messages in Telegram",
    "category": "messaging",
    "homepage": "https://core.telegram.org/bots/api",
    "repo": "https://github.com",
    "license": "MIT",
    "badges": [
      "community"
    ],
    "maintainers": [
      "BogdanAIP"
    ],
    "keywords": [],
    "capabilities": [
      "REST API",
      "Webhooks"
    ]
  }
}
